{
    "name": "postal.js",
    "repo": "postaljs/postal.js",
    "description": "Client-side messaging library",
    "version": "2.0.4",
    "keywords": [
        "pub/sub",
        "pub",
        "sub",
        "messaging",
        "message",
        "bus",
        "event",
        "eventing",
        "mediator",
        "broker",
        "envelope"
    ],
    "dependencies": {
        "component/lodash": "^4.12"
    },
    "scripts": ["lib/postal.min.js", "lib/postal.js"],
    "license": "MIT"
}
